instrument,exchange,trading_day,update_time,update_millisec,last_price,volume,turnover,open_interest,pre_settlement,settlement,pre_close,open,high,low,close,upper,lower,pre_open_interest,average,bid1,bid2,bid3,bid4,bid5,ask1,ask2,ask3,ask4,ask5,bidvol1,bidvol2,bidvol3,bidvol4,bidvol5,askvol1,askvol2,askvol3,askvol4,askvol5
rb2601,SHFE,20261002,09:30:00,0,3500,100,350000,5200,3500,3500,3498,3499,3508,3497,3501,3850,3150,5180,3502.5,3498,3497,3496,3495,3494,3502,3503,3504,3505,3506,10,8,6,4,2,12,10,8,6,4
rb2601,SHFE,20261002,09:30:30,0,3501,103,353000,5200,3500,3500,3498,3499,3508,3497,3501,3850,3150,5180,3503.5,3499,3498,3497,3496,3495,3503,3504,3505,3506,3507,10,8,6,4,2,12,10,8,6,4
rb2601,SHFE,20261002,09:31:00,0,3502,106,356000,5200,3500,3500,3498,3499,3508,3497,3501,3850,3150,5180,3504.5,3500,3499,3498,3497,3496,3504,3505,3506,3507,3508,10,8,6,4,2,12,10,8,6,4
rb2601,SHFE,20261002,09:31:30,0,3503,109,359000,5200,3500,3500,3498,3499,3508,3497,3501,3850,3150,5180,3505.5,3501,3500,3499,3498,3497,3505,3506,3507,3508,3509,10,8,6,4,2,12,10,8,6,4
rb2601,SHFE,20261002,09:32:00,0,3504,112,362000,5200,3500,3500,3498,3499,3508,3497,3501,3850,3150,5180,3506.5,3502,3501,3500,3499,3498,3506,3507,3508,3509,3510,10,8,6,4,2,12,10,8,6,4
rb2601,SHFE,20261002,09:32:30,0,3505,115,365000,5200,3500,3500,3498,3499,3508,3497,3501,3850,3150,5180,3507.5,3503,3502,3501,3500,3499,3507,3508,3509,3510,3511,10,8,6,4,2,12,10,8,6,4
rb2601,SHFE,20261002,09:33:00,0,3506,118,368000,5200,3500,3500,3498,3499,3508,3497,3501,3850,3150,5180,3508.5,3504,3503,3502,3501,3500,3508,3509,3510,3511,3512,10,8,6,4,2,12,10,8,6,4
rb2601,SHFE,20261002,09:33:30,0,3507,121,371000,5200,3500,3500,3498,3499,3508,3497,3501,3850,3150,5180,3509.5,3505,3504,3503,3502,3501,3509,3510,3511,3512,3513,10,8,6,4,2,12,10,8,6,4
rb2601,SHFE,20261002,09:34:00,0,3508,124,374000,5200,3500,3500,3498,3499,3508,3497,3501,3850,3150,5180,3510.5,3506,3505,3504,3503,3502,3510,3511,3512,3513,3514,10,8,6,4,2,12,10,8,6,4
rb2601,SHFE,20261002,09:34:30,0,3509,127,377000,5200,3500,3500,3498,3499,3508,3497,3501,3850,3150,5180,3511.5,3507,3506,3505,3504,3503,3511,3512,3513,3514,3515,10,8,6,4,2,12,10,8,6,4
rb2601,SHFE,20261002,09:35:00,0,3510,130,380000,5200,3500,3500,3498,3499,3508,3497,3501,3850,3150,5180,3512.5,3508,3507,3506,3505,3504,3512,3513,3514,3515,3516,10,8,6,4,2,12,10,8,6,4
rb2601,SHFE,20261002,09:35:30,0,3511,133,383000,5200,3500,3500,3498,3499,3508,3497,3501,3850,3150,5180,3513.5,3509,3508,3507,3506,3505,3513,3514,3515,3516,3517,10,8,6,4,2,12,10,8,6,4
